rank,city,iso2,slug,index,rank_lo,rank_hi,tier,tier_stability,S_norm,R_norm,A_norm,S_rank,R_rank,A_rank,street_risk_per_km,high_risk_share,journey_risk_mean,journey_risk_p90,n_routed,access_composite,locked_pop_share,low_stress_km,street_km,population
1,Stockholm,SE,stockholm,98.0,1,7,1,1.0,0.0,0.065,0.0,1,15,1,44.25,0.0154,-14.434,9.021,210,0.7744,0.004,2857.9,2226.8,993829
2,Helsinki,FI,helsinki,97.0,1,9,1,1.0,0.033,0.0,0.056,7,1,13,46.92,0.0091,-28.891,-22.685,210,0.6817,0.0097,2864.9,2030.3,662727
3,Antwerp,BE,antwerp,96.4,2,13,1,1.0,0.06,0.021,0.019,9,7,7,46.52,0.0387,-18.594,-8.687,210,0.703,0.0857,1514.4,1220.1,538620
4,Haarlem,NL,haarlem,96.3,1,11,1,1.0,0.0,0.123,0.0,2,33,2,42.28,0.018,-9.002,4.329,210,0.8411,0.0,517.3,414.6,147840
5,Leiden,NL,leiden,96.2,3,13,1,1.0,0.0,0.127,0.0,3,37,3,45.03,0.018,-8.663,10.352,210,0.761,0.0,406.5,323.3,111679
6,Vantaa,FI,vantaa,96.2,2,10,1,1.0,0.074,0.0,0.03,13,2,10,49.08,0.0155,-25.577,-1.852,210,0.6966,0.0325,2142.0,1425.7,240437
7,The Hague,NL,thehague,95.0,4,18,1,1.0,0.031,0.098,0.028,6,23,8,46.57,0.0204,-11.398,7.093,210,0.6976,0.0399,1443.2,1100.5,508908
8,Espoo,FI,espoo,94.7,3,14,1,1.0,0.072,0.0,0.082,12,3,17,48.99,0.0177,-27.595,-11.206,210,0.6665,0.1134,2845.7,2122.5,293108
9,Amsterdam,NL,amsterdam,94.2,5,17,1,1.0,0.058,0.046,0.069,8,10,14,47.81,0.0231,-16.212,-5.471,210,0.674,0.0318,2179.6,1674.8,774206
10,Barcelona,ES,barcelona,93.2,6,19,1,1.0,0.102,0.091,0.0,20,21,4,45.24,0.0787,-12.009,0.24,210,0.7233,0.0465,1595.7,1303.3,1744231
11,Paris,FR,paris,93.0,5,16,1,1.0,0.098,0.103,0.0,16,25,5,46.65,0.0604,-10.886,2.505,210,0.7547,0.0,1618.9,1418.7,2374638
12,Tampere,FI,tampere,92.5,4,17,1,1.0,0.096,0.0,0.124,15,4,24,49.69,0.0245,-30.589,-21.958,210,0.6421,0.0338,2554.6,2254.1,227142
13,Eindhoven,NL,eindhoven,92.4,9,23,1,1.0,0.06,0.088,0.084,10,20,19,46.82,0.0351,-12.289,1.357,210,0.6651,0.0851,1084.0,995.1,221413
14,Utrecht,NL,utrecht,91.8,11,22,1,1.0,0.085,0.078,0.082,14,17,18,48.05,0.0367,-13.208,2.568,210,0.6665,0.0509,1073.9,1069.9,351191
15,Brussels,BE,brussels,91.3,3,23,1,1.0,0.021,0.261,0.0,4,74,6,41.14,0.0309,3.852,20.938,210,0.7873,0.0,2120.4,2110.5,1270904
16,Rotterdam,NL,rotterdam,90.8,14,24,1,1.0,0.105,0.086,0.08,21,19,16,48.8,0.0403,-12.506,8.79,210,0.6675,0.1314,2306.1,1860.2,602272
17,Copenhagen,DK,copenhagen,89.0,8,28,1,1.0,0.023,0.126,0.21,5,35,41,43.45,0.0319,-8.718,9.131,210,0.5917,0.018,750.6,1369.5,646742
18,San Sebastián,ES,sansebastian,88.8,17,29,1,1.0,0.101,0.126,0.112,19,36,23,47.48,0.0532,-8.784,9.025,210,0.6486,0.0,581.0,490.0,206288
19,Turku,FI,turku,88.4,6,24,1,1.0,0.156,0.0,0.178,29,5,37,52.85,0.0256,-25.866,-16.584,210,0.6104,0.2518,1492.4,1556.8,190529
20,Hanover,DE,hanover,87.7,18,28,1,1.0,0.132,0.103,0.132,25,26,26,49.15,0.0528,-10.882,2.125,210,0.6375,0.1465,1751.7,1844.7,482592
21,Munich,DE,munich,86.9,20,33,1,1.0,0.12,0.148,0.128,22,41,25,49.11,0.0463,-6.712,2.302,210,0.6395,0.1263,2913.1,3108.5,1485388
22,Bremen,DE,bremen,86.4,18,36,1,1.0,0.068,0.188,0.175,11,48,32,42.92,0.0594,-3.011,19.942,210,0.6122,0.3131,1820.8,2429.4,550217
23,Ghent,BE,ghent,85.5,21,37,1,1.0,0.1,0.175,0.175,17,45,33,46.99,0.0581,-4.186,14.2,210,0.6124,0.1689,1014.2,1391.8,259126
24,Braunschweig,DE,braunschweig,84.1,23,36,1,1.0,0.158,0.111,0.207,30,29,40,50.06,0.0587,-10.183,8.47,210,0.5932,0.2032,1176.0,1102.3,231178
25,Bilbao,ES,bilbao,83.8,13,44,1,1.0,0.127,0.341,0.031,23,110,11,47.03,0.0737,11.355,36.546,210,0.6961,0.0,497.5,399.8,356270
26,Almere,NL,almere,83.6,11,36,1,1.0,0.211,0.023,0.243,45,9,43,53.62,0.0501,-18.367,-11.281,210,0.5727,0.271,1141.5,1039.5,232828
27,Lyon,FR,lyon,83.6,13,38,1,1.0,0.216,0.23,0.028,46,65,9,48.75,0.1089,0.934,18.729,210,0.6976,0.0058,611.3,786.6,527759
28,Lübeck,DE,lubeck,83.3,24,40,1,1.0,0.131,0.105,0.278,24,27,48,49.7,0.0461,-10.73,8.756,210,0.5522,0.2275,915.2,1044.0,208540
29,Groningen,NL,groningen,82.6,26,37,1,1.0,0.232,0.111,0.159,50,30,31,52.28,0.0782,-10.143,3.252,210,0.6215,0.0963,1063.9,1055.0,230666
30,Montpellier,FR,montpellier,82.4,25,42,1,1.0,0.206,0.212,0.099,44,55,22,51.59,0.0705,-0.746,13.561,210,0.6562,0.0008,768.9,896.7,304163
31,Toulouse,FR,toulouse,82.1,27,44,1,1.0,0.145,0.227,0.177,27,64,36,49.16,0.0608,0.694,14.572,210,0.6107,0.0714,1277.2,1717.3,503163
32,Grenoble,FR,grenoble,80.0,27,48,1,1.0,0.238,0.256,0.092,51,72,21,51.61,0.0899,3.385,29.14,210,0.6602,0.0,247.6,326.0,135756
33,Tilburg,NL,tilburg,79.6,31,46,1,1.0,0.312,0.12,0.144,77,32,28,54.03,0.1071,-9.312,5.892,210,0.6302,0.0439,960.4,957.2,218558
34,Strasbourg,FR,strasbourg,79.1,22,55,1,0.994,0.4,0.078,0.087,115,18,20,58.87,0.1058,-13.211,-1.118,210,0.6637,0.0105,655.9,787.9,273459
35,Nantes,FR,nantes,79.0,27,52,1,1.0,0.1,0.279,0.289,18,82,52,45.88,0.0705,5.519,26.13,210,0.5458,0.0,774.6,947.5,286121
36,Málaga,ES,malaga,78.6,30,50,1,1.0,0.153,0.237,0.273,28,69,46,49.99,0.0561,1.645,37.721,210,0.5551,0.0844,2817.9,1763.6,683468
37,Münster,DE,muenster,78.5,34,49,1,1.0,0.201,0.214,0.234,41,57,42,51.74,0.0655,-0.514,17.307,210,0.5778,0.3658,1365.5,1700.4,321103
38,Malmö,SE,malmo,78.3,12,57,1,0.993,0.395,0.022,0.175,113,8,34,59.17,0.0994,-18.459,-8.337,210,0.6124,0.3095,719.2,1095.0,359132
39,Seville,ES,seville,78.0,24,55,1,0.995,0.385,0.071,0.148,109,16,29,58.56,0.1003,-13.893,-1.198,210,0.6281,0.0437,1180.7,1309.8,753142
40,Bologna,IT,bologna,78.0,18,49,1,1.0,0.295,0.063,0.279,71,13,50,54.16,0.0952,-14.682,2.127,210,0.5512,0.0651,800.7,1183.9,365705
41,Valencia,ES,valencia,77.8,15,67,1,0.978,0.444,0.108,0.041,137,28,12,60.29,0.1167,-10.474,5.267,210,0.6905,0.0279,1103.2,1126.1,874661
42,Tours,FR,tours,76.7,32,65,1,0.994,0.162,0.387,0.176,31,121,35,48.84,0.0745,15.605,33.153,210,0.6117,0.1494,402.7,605.7,130355
43,Valladolid,ES,valladolid,76.4,37,60,1,0.995,0.365,0.152,0.15,102,42,30,57.15,0.1042,-6.357,13.464,210,0.6269,0.01,829.6,762.7,324563
44,Freiburg,DE,freiburg,76.1,37,58,1,1.0,0.19,0.279,0.264,38,83,45,50.02,0.0783,5.507,29.013,210,0.5602,0.2314,1236.2,880.7,195183
45,Vitoria-Gasteiz,ES,vitoria,75.7,39,56,1,0.999,0.324,0.124,0.255,82,34,44,57.18,0.0786,-8.994,10.485,210,0.5655,0.0481,1113.1,640.8,270907
46,Sabadell,ES,sabadell,75.5,24,69,1,0.989,0.279,0.377,0.069,64,117,15,54.5,0.0816,14.638,46.676,210,0.6737,0.0,458.5,379.5,256346
47,Zaragoza,ES,zaragoza,75.0,44,56,1,1.0,0.257,0.214,0.278,61,58,49,56.1,0.0504,-0.584,25.015,210,0.5519,0.1228,2847.8,1678.8,749796
48,Duisburg,DE,duisburg,74.9,38,62,1,0.999,0.172,0.305,0.303,34,92,55,48.83,0.0806,7.936,25.999,210,0.5375,0.1205,1513.4,1826.7,467099
49,Vienna,AT,vienna,74.0,36,77,1,0.957,0.428,0.095,0.202,129,22,39,53.82,0.1807,-11.695,5.333,210,0.5964,0.1051,3105.9,3523.3,1901218
50,Palma,ES,palma,73.8,48,59,1,0.999,0.278,0.201,0.301,63,52,54,54.32,0.083,-1.714,28.003,210,0.5385,0.09,1055.5,1297.5,503810
51,Berlin,DE,berlin,73.6,37,63,1,0.981,0.165,0.274,0.385,32,78,67,48.79,0.0771,5.088,22.365,209,0.4898,0.272,7003.5,8763.8,3235142
52,Mannheim,DE,mannheim,73.6,40,73,1,0.987,0.343,0.285,0.139,94,86,27,54.3,0.1233,6.054,24.384,210,0.6333,0.0674,1125.6,1298.5,280913
53,Pamplona,ES,pamplona,73.4,45,72,1,0.987,0.36,0.215,0.193,100,60,38,56.08,0.1132,-0.456,21.902,210,0.6017,0.0148,332.6,341.3,195988
54,Oulu,FI,oulu,71.8,10,81,1,0.879,0.426,0.0,0.372,128,6,63,63.36,0.0711,-22.105,-0.129,210,0.4971,0.4751,3183.1,3312.1,210303
55,Córdoba,ES,cordoba,71.7,44,70,1,0.97,0.203,0.327,0.346,42,104,61,53.27,0.0492,9.958,35.743,210,0.5124,0.1024,2390.3,1639.9,343726
56,Lille,FR,lille,71.1,51,79,1,0.966,0.251,0.357,0.273,58,113,47,52.3,0.0895,12.835,32.595,210,0.555,0.1254,380.9,606.7,236876
57,Bonn,DE,bonn,70.5,43,87,1,0.878,0.182,0.418,0.322,36,135,58,49.88,0.0749,18.462,36.116,210,0.5262,0.1309,998.1,1143.6,300622
58,Düsseldorf,DE,dusseldorf,70.5,55,73,1,0.956,0.256,0.313,0.329,60,95,59,53.0,0.085,8.692,23.48,210,0.5226,0.5262,1518.5,1940.8,610480
59,Magdeburg,DE,magdeburg,70.2,55,77,1,0.936,0.332,0.232,0.318,86,67,57,55.83,0.0988,1.13,20.31,210,0.5289,0.4246,995.2,1279.9,229914
60,Maribor,SI,maribor,70.1,47,73,1,0.836,0.239,0.179,0.498,52,47,100,54.03,0.063,-3.775,31.831,210,0.4237,0.2521,677.5,909.1,105163
61,Trondheim,NO,trondheim,70.1,46,73,1,0.836,0.279,0.145,0.48,65,40,94,56.03,0.0646,-6.976,19.383,210,0.4345,0.111,2250.9,1899.2,205269
62,Oslo,NO,oslo,69.9,40,81,1,0.801,0.169,0.21,0.568,33,54,125,51.94,0.0439,-0.891,24.137,210,0.3828,0.1861,3454.8,3010.5,698949
63,Graz,AT,graz,69.5,53,80,1,0.818,0.342,0.17,0.392,92,44,69,52.79,0.1394,-4.679,22.35,210,0.4857,0.2466,965.8,1276.4,302143
64,Augsburg,DE,augsburg,69.4,54,74,1,0.841,0.24,0.294,0.406,53,88,73,53.65,0.0678,6.906,27.381,210,0.4774,0.715,1028.4,1164.4,300974
65,Nancy,FR,nancy,69.0,38,108,1,0.755,0.141,0.556,0.29,26,170,53,48.22,0.0691,31.388,45.593,210,0.5452,0.0,186.0,270.0,108783
66,Odense,DK,odense,68.6,23,89,1,0.734,0.418,0.064,0.426,122,14,78,59.85,0.106,-14.511,0.142,210,0.4659,0.9084,841.8,1983.2,193803
67,Kiel,DE,kiel,68.3,62,82,1,0.755,0.296,0.314,0.347,72,96,62,54.2,0.0957,8.775,31.806,210,0.5121,0.4801,711.4,954.5,234447
68,Szeged,HU,szeged,68.3,63,75,1,0.74,0.279,0.267,0.417,66,76,75,55.66,0.0689,4.422,32.113,210,0.471,0.1919,554.2,883.7,167859
69,Elche,ES,elche,68.2,65,76,1,0.729,0.282,0.278,0.406,68,79,74,56.57,0.0602,5.416,44.764,210,0.4776,0.0748,1363.6,1771.4,260857
70,Gijón,ES,gijon,67.9,48,84,1,0.686,0.194,0.317,0.495,40,99,96,51.93,0.0589,9.038,41.196,210,0.4257,0.0843,909.5,1112.6,273456
71,Cologne,DE,cologne,67.4,61,91,1,0.601,0.339,0.328,0.307,91,106,56,55.09,0.1115,10.092,26.432,210,0.5352,0.4519,2497.2,3506.5,1049893
72,Aarhus,DK,aarhus,67.2,43,90,1,0.645,0.36,0.098,0.514,101,24,108,57.23,0.1005,-11.368,4.01,210,0.4143,0.8507,1629.9,3096.0,335337
73,Murcia,ES,murcia,67.0,61,85,1,0.586,0.244,0.316,0.459,56,98,89,54.98,0.0552,8.937,48.25,210,0.4466,0.0952,3303.2,2974.2,584240
74,Oberhausen,DE,oberhausen,66.3,52,103,2,0.488,0.193,0.438,0.429,39,141,80,49.11,0.0907,20.321,38.236,210,0.4639,0.4197,508.6,805.9,192982
75,Rennes,FR,rennes,66.1,61,100,2,0.529,0.226,0.397,0.431,49,127,82,51.04,0.0886,16.544,34.754,210,0.4628,0.0105,499.4,750.4,207978
76,A Coruña,ES,acoruna,65.7,61,101,2,0.672,0.401,0.327,0.283,116,105,51,56.86,0.1293,10.036,42.669,210,0.5493,0.0,449.5,489.2,259172
77,Białystok,PL,bialystok,65.3,61,102,2,0.578,0.434,0.176,0.403,133,46,71,60.29,0.1107,-4.124,13.72,210,0.4792,0.8716,541.1,1066.7,286740
78,Halle (Saale),DE,halle,65.1,70,94,2,0.614,0.253,0.328,0.498,59,107,101,53.9,0.0731,10.097,29.174,210,0.424,0.4232,668.5,944.1,216860
79,Alicante,ES,alicante,65.0,76,89,2,0.726,0.336,0.278,0.441,89,80,85,57.75,0.0795,5.459,33.01,210,0.4568,0.082,1163.1,1085.2,401574
80,Wrocław,PL,wroclaw,65.0,66,99,2,0.665,0.414,0.215,0.401,121,61,70,58.63,0.1176,-0.484,13.795,210,0.4803,0.9389,1373.8,2666.2,596147
81,Luxembourg,LU,luxembourg,64.1,73,99,2,0.868,0.392,0.292,0.382,112,87,65,56.63,0.1264,6.749,29.244,210,0.4915,0.0224,452.1,452.6,121571
82,Ljubljana,SI,ljubljana,63.9,76,96,2,0.73,0.283,0.304,0.521,69,91,109,56.05,0.0667,7.868,32.134,210,0.4105,0.8189,1381.2,1621.1,302716
83,Karlsruhe,DE,karlsruhe,63.7,76,106,2,0.91,0.307,0.395,0.405,75,126,72,54.34,0.1009,16.36,32.705,210,0.4783,0.5176,1252.2,1225.3,328610
84,Hamburg,DE,hamburg,63.1,68,112,2,0.737,0.225,0.435,0.495,48,138,97,50.26,0.0969,20.061,40.416,210,0.4255,0.4688,3774.0,6052.0,1673225
85,Uppsala,SE,uppsala,62.5,18,131,2,0.472,0.579,0.047,0.431,172,11,83,64.68,0.1497,-16.154,22.702,210,0.4627,0.2123,2654.4,3938.0,225093
86,Bergen,NO,bergen,62.4,70,113,2,0.697,0.243,0.314,0.615,55,97,133,54.97,0.0544,8.796,43.36,210,0.3554,0.2015,2728.1,2585.6,282215
87,Gdańsk,PL,gdansk,61.4,88,103,2,0.958,0.345,0.317,0.51,95,100,106,57.11,0.0925,9.078,38.031,210,0.4165,0.7963,1400.4,2219.4,441548
88,Stavanger,NO,stavanger,61.3,75,117,2,0.777,0.333,0.226,0.621,87,62,136,57.95,0.0758,0.578,26.874,203,0.352,0.6492,960.6,1533.4,155900
89,Krefeld,DE,krefeld,61.1,81,118,2,1.0,0.371,0.424,0.379,104,136,64,55.94,0.1216,19.09,36.914,210,0.493,0.3092,743.1,1166.8,204885
90,Vigo,ES,vigo,61.0,76,127,2,0.858,0.24,0.502,0.479,54,156,93,52.11,0.0851,26.371,54.428,210,0.4351,0.0126,1039.4,1170.9,295956
91,Almería,ES,almeria,60.8,91,108,2,0.987,0.342,0.351,0.5,93,111,102,59.2,0.0669,12.204,41.412,210,0.4228,0.1441,1035.0,781.2,230082
92,Debrecen,HU,debrecen,60.5,71,119,2,0.832,0.433,0.192,0.546,132,49,116,63.95,0.0688,-2.632,20.595,210,0.3961,0.6918,653.7,1208.0,260634
93,Łódź,PL,lodz,60.4,88,113,2,0.926,0.384,0.26,0.549,108,73,117,59.22,0.0922,3.772,23.636,210,0.3939,0.9273,1092.6,2949.1,645433
94,Leipzig,DE,leipzig,60.2,81,123,2,0.854,0.263,0.351,0.627,62,112,137,53.2,0.0867,12.235,33.079,210,0.3487,0.6,1506.0,2296.5,500066
95,Rostock,DE,rostock,60.0,80,123,2,0.875,0.244,0.442,0.566,57,142,124,52.93,0.0785,20.778,34.12,210,0.3841,0.777,731.8,1137.4,190579
96,Toruń,PL,torun,59.9,85,127,2,0.962,0.481,0.272,0.422,151,77,77,63.4,0.1041,4.9,24.608,210,0.4683,0.9655,527.8,1252.0,190856
97,Angers,FR,angers,59.9,73,133,2,0.837,0.221,0.522,0.521,47,160,110,51.92,0.0756,28.248,42.175,210,0.4102,0.05,356.4,647.1,145109
98,Mainz,DE,mainz,59.7,88,127,2,1.0,0.357,0.448,0.417,97,144,76,55.68,0.1163,21.338,38.09,210,0.471,0.3488,712.3,840.7,207314
99,Nuremberg,DE,nuremberg,59.7,95,116,2,1.0,0.37,0.387,0.464,103,122,90,57.08,0.108,15.616,35.149,210,0.4435,0.5532,1351.5,1780.5,486520
100,Gelsenkirchen,DE,gelsenkirchen,59.6,93,121,2,0.997,0.329,0.435,0.471,84,139,92,54.72,0.11,20.099,39.349,210,0.4393,0.4972,730.1,1091.7,239785
101,Terrassa,ES,terrassa,59.6,85,126,2,1.0,0.421,0.402,0.385,124,129,68,60.33,0.1022,17.02,48.392,210,0.4899,0.0217,572.9,499.2,234350
102,Jerez de la Frontera,ES,jerez,59.3,97,117,2,0.981,0.359,0.323,0.554,99,102,119,59.16,0.0775,9.662,46.147,210,0.391,0.0985,1330.2,1281.0,233562
103,Tallinn,EE,tallinn,59.3,53,130,2,0.674,0.44,0.119,0.65,136,31,145,60.89,0.1076,-9.442,14.943,210,0.335,0.8288,1053.7,1911.1,357104
104,Budapest,HU,budapest,59.1,78,124,2,0.874,0.445,0.208,0.562,138,53,121,59.01,0.1317,-1.101,27.513,210,0.3864,0.3795,3074.1,5448.4,1849171
105,Reykjavik,IS,reykjavik,59.0,89,129,2,0.986,0.477,0.299,0.43,150,90,81,61.65,0.1217,7.415,28.624,210,0.4635,0.0633,911.6,1088.9,109562
106,Orléans,FR,orleans,58.9,98,124,2,1.0,0.373,0.417,0.456,105,134,88,58.12,0.0981,18.378,38.77,210,0.4483,0.1303,217.4,458.6,103906
107,Alkmaar,NL,alkmaar,58.8,80,140,2,0.944,0.545,0.264,0.382,164,75,66,58.18,0.2023,4.136,34.268,210,0.4916,0.1392,435.4,598.7,105253
108,Bern,CH,bern,58.7,67,144,2,0.79,0.203,0.612,0.495,43,181,98,50.95,0.0755,36.602,47.904,210,0.4254,0.0978,474.5,521.1,119340
109,Madrid,ES,madrid,58.6,82,127,2,0.881,0.447,0.214,0.57,139,59,127,60.01,0.1216,-0.592,26.666,209,0.3816,0.04,4107.3,4839.9,3742851
110,Clermont-Ferrand,FR,clermontferrand,58.6,93,128,2,1.0,0.422,0.391,0.427,125,124,79,57.72,0.1328,16.018,37.641,210,0.4653,0.0936,357.8,629.0,158380
111,Warsaw,PL,warsaw,58.2,67,137,2,0.789,0.525,0.153,0.539,159,43,115,64.03,0.1238,-6.235,8.958,210,0.4,0.909,2349.7,5462.2,1750470
112,Geneva,CH,geneva,58.1,93,126,2,0.973,0.306,0.416,0.572,74,133,128,53.53,0.1092,18.282,35.386,210,0.3807,0.0,165.9,299.2,202402
113,Linz,AT,linz,58.0,84,141,2,0.931,0.541,0.241,0.437,163,70,84,55.52,0.2299,2.01,19.916,210,0.4593,0.6565,589.1,863.5,189574
114,Valletta,MT,valletta,57.9,65,151,2,0.743,0.183,0.656,0.503,37,186,103,54.94,0.0145,40.717,49.323,210,0.4207,0.0,8.5,20.9,954
115,Granada,ES,granada,57.9,90,140,2,0.982,0.298,0.537,0.47,73,166,91,55.95,0.0773,29.598,55.777,210,0.4401,0.1028,739.8,631.4,259109
116,Bordeaux,FR,bordeaux,57.6,100,132,2,0.992,0.326,0.452,0.526,83,146,112,55.3,0.1013,21.698,42.63,210,0.4073,0.1857,366.3,858.2,267216
117,Venice,IT,venice,57.2,62,142,2,0.741,0.522,0.136,0.596,158,39,130,65.88,0.1009,-7.789,25.525,165,0.3667,0.6819,474.4,1029.4,242184
118,Aachen,DE,aachen,56.9,89,145,2,0.952,0.279,0.556,0.509,67,171,105,53.43,0.0938,31.415,50.82,210,0.4174,0.5372,860.1,1062.7,214663
119,Gdynia,PL,gdynia,56.5,114,130,2,0.993,0.391,0.404,0.524,111,130,111,60.7,0.0799,17.165,41.154,210,0.4086,0.6391,818.0,939.2,238919
120,Florence,IT,florence,56.1,88,137,2,0.848,0.462,0.213,0.635,144,56,142,61.88,0.1097,-0.646,22.183,210,0.3441,0.7926,537.0,1095.2,351064
121,Poznań,PL,poznan,56.1,106,141,2,0.989,0.494,0.324,0.481,153,103,95,62.32,0.1241,9.715,31.866,210,0.4335,0.6365,1282.6,2266.8,510987
122,Frankfurt,DE,frankfurt,56.1,114,135,2,0.997,0.423,0.404,0.497,126,131,99,56.86,0.143,17.157,35.122,210,0.4244,0.2185,1644.9,2024.8,708360
123,Liège,BE,liege,56.0,91,147,2,0.891,0.547,0.226,0.512,165,63,107,61.97,0.1604,0.616,39.23,210,0.4157,0.2862,452.6,742.1,187949
124,Oviedo,ES,oviedo,55.9,66,157,2,0.697,0.181,0.664,0.563,35,188,122,51.57,0.0555,41.424,58.295,210,0.3859,0.0707,762.9,865.2,218267
125,Mönchengladbach,DE,monchengladbach,55.8,106,142,2,1.0,0.436,0.449,0.442,134,145,86,57.51,0.1433,21.387,39.547,210,0.4563,0.4921,953.1,1342.9,244618
126,Lublin,PL,lublin,55.2,95,141,2,0.849,0.459,0.231,0.65,143,66,146,61.67,0.1104,1.036,28.821,210,0.335,0.8631,774.8,1604.7,325425
127,Dortmund,DE,dortmund,55.1,103,138,2,0.897,0.316,0.437,0.638,79,140,143,54.81,0.1008,20.304,42.184,210,0.3424,0.6432,1808.1,2853.0,581910
128,Gothenburg,SE,gothenburg,55.0,96,150,2,0.866,0.548,0.235,0.535,166,68,114,65.61,0.1199,1.408,20.305,208,0.402,0.8191,2161.2,3751.4,563683
129,Kraków,PL,krakow,54.8,114,136,2,0.891,0.373,0.362,0.649,106,114,144,58.36,0.0956,13.237,32.543,210,0.336,0.8731,1423.4,3271.3,722627
130,Rouen,FR,rouen,54.5,90,159,2,0.913,0.436,0.597,0.339,135,178,60,58.42,0.1329,35.196,54.475,210,0.5163,0.0211,223.6,383.6,110003
131,Dublin,IE,dublin,54.0,107,143,2,0.837,0.321,0.431,0.674,81,137,153,53.31,0.1212,19.719,45.557,210,0.321,0.355,1147.2,1947.4,533623
132,Bielefeld,DE,bielefeld,53.6,112,145,2,0.84,0.336,0.469,0.631,90,149,138,56.41,0.0952,23.218,44.467,210,0.3462,0.7937,1272.6,2189.2,326589
133,Stuttgart,DE,stuttgart,53.5,113,152,2,0.873,0.35,0.55,0.532,96,169,113,56.04,0.1078,30.787,44.419,210,0.4037,0.3007,1960.7,1874.8,585807
134,Bratislava,SK,bratislava,53.0,119,143,2,0.816,0.45,0.332,0.634,142,108,141,60.04,0.1233,10.474,43.42,210,0.3444,0.5782,1373.6,2095.9,392119
135,Zurich,CH,zurich,52.3,120,153,2,0.774,0.357,0.531,0.582,98,165,129,55.32,0.1202,29.03,41.189,210,0.3751,0.3161,851.9,1052.1,404189
136,Kassel,DE,kassel,51.5,109,168,2,0.686,0.329,0.672,0.507,85,189,104,54.47,0.1127,42.254,63.335,210,0.4187,0.4651,778.0,988.2,184814
137,Turin,IT,turin,51.4,24,167,2,0.435,0.755,0.06,0.551,194,12,118,69.58,0.2012,-14.878,2.275,210,0.3927,0.9022,784.9,1742.3,869949
138,Rzeszów,PL,rzeszow,51.0,135,150,2,0.676,0.474,0.392,0.607,148,125,131,60.47,0.1333,16.071,51.727,210,0.36,0.9129,528.4,1433.0,210050
139,Toulon,FR,toulon,51.0,118,155,2,0.65,0.333,0.518,0.672,88,159,151,58.6,0.0681,27.791,57.107,210,0.3223,0.937,234.1,533.6,160097
140,Riga,LV,riga,51.0,120,150,2,0.672,0.447,0.317,0.721,140,101,162,59.53,0.127,9.06,45.049,210,0.2937,0.8479,1400.0,2987.8,564574
141,Parma,IT,parma,51.0,67,166,2,0.563,0.707,0.13,0.56,186,38,120,66.98,0.2016,-8.345,15.44,210,0.3875,0.7594,452.0,1269.7,182953
142,Bydgoszcz,PL,bydgoszcz,51.0,120,155,2,0.635,0.527,0.312,0.619,160,94,135,62.99,0.137,8.632,32.349,210,0.3531,0.9223,741.4,1493.5,339941
143,Bergamo,IT,bergamo,50.8,111,153,2,0.65,0.472,0.282,0.729,147,85,163,63.11,0.1018,5.787,28.859,209,0.289,0.8835,194.9,418.7,115714
144,Dresden,DE,dresden,50.7,113,160,2,0.619,0.315,0.568,0.655,78,173,148,55.23,0.0955,32.511,50.878,210,0.3322,0.7347,1815.8,2318.3,520280
145,Reims,FR,reims,50.1,133,160,2,0.532,0.412,0.544,0.568,120,167,126,58.12,0.1221,30.276,49.739,210,0.3828,0.2463,322.6,786.5,147981
146,Essen,DE,essen,50.1,133,157,2,0.567,0.39,0.513,0.631,110,158,139,55.66,0.1365,27.409,44.431,210,0.3462,0.4603,1598.1,2360.2,547081
147,Basel,CH,basel,50.0,125,164,3,0.509,0.503,0.545,0.452,155,168,87,59.12,0.166,30.35,46.354,210,0.4506,0.0,184.1,368.0,161619
148,Szczecin,PL,szczecin,48.9,137,159,3,0.603,0.537,0.374,0.615,162,115,134,63.6,0.1359,14.368,50.801,210,0.3556,0.806,868.4,1686.8,383763
149,Bochum,DE,bochum,48.1,121,168,3,0.556,0.318,0.61,0.697,80,180,155,54.78,0.1022,36.449,53.182,210,0.3076,0.7422,1088.3,1886.7,341599
150,Cartagena,ES,cartagena,47.7,135,165,3,0.655,0.38,0.575,0.661,107,175,150,60.26,0.0782,33.179,58.861,210,0.3287,0.2497,1561.0,2050.7,247214
151,Zagreb,HR,zagreb,47.7,136,164,3,0.524,0.408,0.389,0.81,119,123,181,61.07,0.0861,15.806,45.492,210,0.2419,0.9099,1162.4,2595.3,525428
152,Le Havre,FR,lehavre,47.6,144,159,3,0.602,0.424,0.443,0.74,127,143,166,59.82,0.1098,20.796,42.166,210,0.2826,0.9858,218.4,916.2,160810
153,Prague,CZ,prague,47.5,143,158,3,0.608,0.448,0.404,0.748,141,132,169,59.81,0.1248,17.184,42.397,210,0.278,0.5879,3004.6,4625.8,1334017
154,Lausanne,CH,lausanne,47.1,112,175,3,0.569,0.291,0.719,0.655,70,197,149,54.55,0.0889,46.56,58.628,210,0.332,0.8027,332.0,457.1,110030
155,Pescara,IT,pescara,47.1,128,162,3,0.613,0.553,0.295,0.731,169,89,164,63.89,0.1426,7.018,47.811,210,0.2881,0.9862,166.1,478.7,117486
156,Vilnius,LT,vilnius,46.6,149,162,3,0.702,0.429,0.463,0.743,130,148,167,61.58,0.093,22.739,47.592,210,0.2809,0.8175,1642.9,3462.1,466507
157,Verona,IT,verona,46.4,124,166,3,0.646,0.597,0.278,0.713,174,81,158,66.0,0.1456,5.433,38.031,210,0.2985,0.7046,613.8,1285.8,251660
158,Alcalá de Henares,ES,alcala,46.3,139,173,3,0.774,0.398,0.65,0.611,114,185,132,59.09,0.1021,40.186,56.803,210,0.358,0.1881,397.3,548.8,193162
159,Nice,FR,nice,45.2,145,165,3,0.829,0.552,0.377,0.715,168,118,159,62.32,0.16,14.65,50.464,210,0.2975,0.8911,385.9,905.2,326754
160,Brescia,IT,brescia,44.6,103,176,3,0.625,0.704,0.195,0.715,185,50,160,71.13,0.1524,-2.341,22.237,210,0.2975,0.8106,473.0,862.3,203969
161,Wuppertal,DE,wuppertal,43.8,147,177,3,0.884,0.403,0.661,0.673,117,187,152,58.39,0.1135,41.191,82.781,210,0.3215,0.4435,1129.4,1462.3,328209
162,Erfurt,DE,erfurt,43.7,158,169,3,0.98,0.499,0.509,0.703,154,157,156,61.29,0.1392,27.028,49.908,210,0.3044,0.8022,947.5,1182.1,202557
163,Częstochowa,PL,czestochowa,42.9,135,182,3,0.833,0.752,0.336,0.564,191,109,123,70.03,0.1941,10.811,34.472,210,0.3851,0.9391,381.6,1041.6,215456
164,Katowice,PL,katowice,42.8,159,169,3,0.943,0.476,0.482,0.79,149,152,176,62.27,0.1138,24.427,52.71,210,0.2533,0.9146,641.0,1327.2,287559
165,Marseille,FR,marseille,42.4,159,171,3,0.953,0.469,0.499,0.794,145,154,177,61.57,0.1177,26.082,50.565,210,0.2514,0.8923,1172.2,2252.3,898652
166,Radom,PL,radom,42.4,150,175,3,0.912,0.65,0.374,0.68,182,116,154,66.58,0.1714,14.349,43.674,210,0.3177,0.8873,423.0,1133.3,198991
167,Chemnitz,DE,chemnitz,41.5,157,176,3,0.957,0.432,0.591,0.784,131,177,173,60.07,0.112,34.621,54.463,210,0.2572,0.8683,921.9,1644.0,228532
168,Prato,IT,prato,40.7,125,185,3,0.79,0.757,0.245,0.72,195,71,161,71.75,0.1779,2.393,23.898,210,0.2942,0.9396,326.9,722.5,192494
169,Brno,CZ,brno,40.1,168,175,3,1.0,0.562,0.501,0.746,170,155,168,66.07,0.1232,26.275,50.435,210,0.2792,0.7152,1264.5,1566.8,358325
170,Thessaloniki,GR,thessaloniki,39.9,134,187,3,0.792,0.307,0.701,0.893,76,194,198,60.56,0.0301,44.874,61.572,210,0.1936,0.9347,5704.5,9099.0,1081946
171,Kaunas,LT,kaunas,39.8,165,176,3,0.993,0.609,0.459,0.736,177,147,165,66.1,0.1515,22.315,48.19,210,0.2848,0.9153,450.7,1876.6,239169
172,Plovdiv,BG,plovdiv,39.7,110,187,3,0.747,0.763,0.2,0.794,197,51,178,69.43,0.2078,-1.867,29.109,210,0.2512,0.9899,216.9,946.1,296828
173,Ostrava,CZ,ostrava,39.3,145,181,3,0.886,0.671,0.308,0.82,184,93,183,68.77,0.1594,8.274,32.492,210,0.2362,0.8326,734.2,1656.5,273406
174,Košice,SK,kosice,39.1,166,176,3,1.0,0.517,0.528,0.811,156,162,182,64.56,0.113,28.756,59.825,210,0.2413,0.8687,734.4,998.1,247633
175,Genoa,IT,genoa,37.5,157,191,3,0.973,0.404,0.74,0.805,118,199,180,60.13,0.0945,48.53,77.768,210,0.245,0.8117,1203.2,1738.9,546709
176,Wiesbaden,DE,wiesbaden,37.1,165,188,3,1.0,0.574,0.679,0.652,171,191,147,63.47,0.16,42.87,61.211,210,0.3339,0.7418,1124.1,1159.2,269254
177,Milan,IT,milan,36.6,162,184,3,0.972,0.645,0.383,0.87,181,120,192,67.07,0.1626,15.215,36.889,210,0.2066,0.9285,768.6,2146.1,1161421
178,Varna,BG,varna,36.3,169,183,3,1.0,0.519,0.584,0.848,157,176,189,64.16,0.1184,34.004,75.061,210,0.2196,0.8564,497.9,1400.6,241288
179,Cluj-Napoca,RO,cluj,36.1,171,183,3,1.0,0.527,0.6,0.825,161,179,185,65.38,0.11,35.525,59.152,210,0.2331,0.8223,491.2,927.7,315238
180,Padua,IT,padua,34.7,176,187,3,1.0,0.662,0.528,0.765,183,163,171,68.1,0.1613,28.771,48.571,210,0.2684,0.9764,277.7,1017.0,209164
181,Lisbon,PT,lisbon,34.2,147,193,3,0.916,0.842,0.281,0.789,205,84,175,73.13,0.2137,5.719,40.807,210,0.254,0.9491,599.8,1514.0,532174
182,Cork,IE,cork,33.0,179,189,3,1.0,0.59,0.627,0.82,173,182,184,63.12,0.1737,38.039,62.537,210,0.2359,0.9606,535.4,1908.0,193838
183,Porto,PT,porto,32.0,169,196,3,1.0,0.47,0.748,0.891,146,201,197,61.77,0.1158,49.283,66.776,210,0.1944,0.9846,191.2,765.2,201129
184,Sofia,BG,sofia,31.8,182,189,3,1.0,0.598,0.574,0.901,175,174,201,67.47,0.1293,33.064,58.81,210,0.1888,0.9039,1083.2,3585.8,782516
185,Rome,IT,rome,31.5,176,193,3,1.0,0.604,0.478,1.0,176,151,214,66.08,0.1485,24.065,57.674,210,0.1251,0.9741,2829.3,8942.8,2596788
186,Dijon,FR,dijon,31.2,174,196,3,1.0,0.744,0.672,0.631,189,190,140,68.49,0.2067,42.173,74.187,210,0.3461,0.1629,215.7,584.3,143194
187,Charleroi,BE,charleroi,31.0,178,192,3,1.0,0.736,0.474,0.845,188,150,188,68.98,0.1964,23.692,56.789,210,0.2217,0.9017,289.9,1041.2,207385
188,Naples,IT,naples,29.0,173,200,3,1.0,0.481,0.837,0.888,152,206,196,62.21,0.1177,57.595,68.811,210,0.1965,0.861,437.3,1578.4,898628
189,Trieste,IT,trieste,28.8,188,194,3,1.0,0.637,0.638,0.886,180,183,195,67.84,0.1489,39.009,87.524,210,0.1974,0.9407,434.5,768.7,187765
190,Palermo,IT,palermo,28.7,186,196,3,1.0,0.631,0.566,0.968,179,172,210,66.99,0.155,32.355,76.857,210,0.1495,0.9768,439.0,1415.4,603577
191,Sintra,PT,sintra,28.2,181,198,3,1.0,0.55,0.683,0.978,167,193,212,66.17,0.115,43.248,75.847,210,0.1441,0.9472,1053.3,2116.0,366087
192,Cagliari,IT,cagliari,27.6,184,196,3,1.0,0.795,0.522,0.831,200,161,187,70.46,0.2154,28.212,72.028,210,0.2298,0.9989,193.6,636.7,134639
193,Arad,RO,arad,27.0,187,197,3,1.0,0.753,0.53,0.9,192,164,200,71.6,0.177,28.948,58.321,210,0.1892,0.9856,131.6,731.8,128074
194,Satu Mare,RO,satumare,26.8,170,208,3,0.995,1.0,0.401,0.707,216,128,157,82.4,0.2627,16.934,47.585,210,0.3019,0.9606,89.9,398.1,96200
195,Oradea,RO,oradea,26.4,172,205,3,0.992,0.919,0.378,0.848,209,119,190,74.61,0.244,14.787,58.836,210,0.2194,0.9659,240.5,880.9,198591
196,Nicosia,CY,nicosia,25.7,193,198,3,1.0,0.708,0.638,0.894,187,184,199,69.09,0.1781,39.018,67.186,210,0.1929,0.9721,62.3,315.9,43726
197,Targu Mures,RO,targumures,23.9,189,201,3,1.0,0.819,0.68,0.763,203,192,170,71.59,0.2176,42.994,67.666,210,0.2695,0.9171,184.9,402.0,124537
198,Messina,IT,messina,23.8,169,209,3,0.999,0.418,0.984,1.0,123,213,215,60.98,0.0929,71.367,92.924,210,0.1125,0.872,635.3,947.3,222663
199,Brasov,RO,brasov,23.1,191,201,3,1.0,0.753,0.784,0.775,193,203,172,71.71,0.1759,52.652,76.373,210,0.2625,0.8314,409.9,888.2,235694
200,Burgas,BG,burgas,21.8,189,209,3,1.0,0.866,0.488,0.966,208,153,209,74.7,0.2109,25.014,68.197,210,0.1511,0.8741,343.2,895.5,144584
201,Sibiu,RO,sibiu,21.7,198,201,3,1.0,0.771,0.715,0.868,198,196,191,70.96,0.1951,46.253,77.104,210,0.2079,0.9521,189.1,564.7,137639
202,Timisoara,RO,timisoara,19.7,200,204,3,1.0,0.802,0.704,0.906,201,195,203,73.76,0.1823,45.152,76.838,210,0.1862,0.9809,204.9,895.6,286276
203,Constanta,RO,constanta,18.2,202,207,3,1.0,0.809,0.744,0.902,202,200,202,71.59,0.2114,48.974,71.578,210,0.1879,0.994,179.8,945.6,267291
204,Athens,GR,athens,17.2,203,208,3,1.0,0.819,0.799,0.87,204,204,193,72.47,0.2074,54.1,65.304,210,0.2067,0.9931,155.2,980.2,622088
205,Braga,PT,braga,17.0,200,210,3,1.0,0.751,0.808,0.959,190,205,208,71.97,0.1714,54.895,86.465,210,0.1549,0.9726,434.5,1388.6,187521
206,Bari,IT,bari,16.8,203,210,3,1.0,0.78,0.765,0.969,199,202,211,70.82,0.2025,50.912,81.34,210,0.1493,0.9772,183.0,1153.4,301196
207,Bucharest,RO,bucharest,16.0,201,209,3,1.0,0.851,0.862,0.803,206,210,179,71.92,0.2332,59.972,83.312,210,0.246,0.7817,1304.5,3750.7,1834401
208,Baia Mare,RO,baiamare,15.6,201,210,3,1.0,0.76,0.885,0.916,196,211,204,75.91,0.1322,62.05,88.666,210,0.1803,0.8779,470.9,416.2,109100
209,Catania,IT,catania,15.3,193,214,3,1.0,0.618,1.0,1.0,178,214,216,65.8,0.1607,75.457,96.384,210,0.1036,0.9999,199.6,1369.2,286809
210,Bacau,RO,bacau,13.1,203,212,3,1.0,0.965,0.738,0.872,213,198,194,76.12,0.2552,48.34,81.008,210,0.2056,0.997,38.3,390.5,116669
211,Split,HR,split,11.9,203,214,3,1.0,0.864,1.0,0.784,207,215,174,73.78,0.2202,85.568,115.699,210,0.2573,0.9658,105.2,401.7,86044
212,Pitesti,RO,pitesti,10.9,207,213,3,1.0,0.978,0.837,0.83,214,207,186,77.56,0.2486,57.598,75.519,210,0.23,0.9839,88.8,349.0,135915
213,Craiova,RO,craiova,9.2,211,214,3,1.0,0.924,0.842,0.951,210,208,207,73.3,0.2928,58.06,84.613,210,0.1595,0.9753,139.5,834.3,238912
214,Galati,RO,galati,7.0,212,215,3,1.0,0.942,0.846,1.0,211,209,217,78.44,0.2264,58.411,86.502,210,0.112,0.962,102.9,662.2,212138
215,Iasi,RO,iasi,3.3,215,218,3,1.0,0.995,0.896,1.0,215,212,218,77.18,0.2613,63.148,87.004,210,0.1159,0.9726,140.8,795.7,267550
216,Botosani,RO,botosani,2.0,214,219,3,1.0,1.0,1.0,0.934,217,216,205,83.67,0.3538,78.307,90.867,210,0.1693,0.9683,39.1,270.9,91625
217,Buzau,RO,buzau,1.7,215,219,3,1.0,1.0,1.0,0.943,218,217,206,79.68,0.3075,74.029,89.95,210,0.1645,0.9881,45.6,349.3,105005
218,Ploiesti,RO,ploiesti,1.6,215,219,3,1.0,0.959,1.0,1.0,212,218,219,75.21,0.2632,75.985,92.901,210,0.1236,0.9904,56.0,589.1,185677
219,Braila,RO,braila,0.4,218,219,3,1.0,1.0,1.0,0.987,219,219,213,84.59,0.3973,75.718,92.833,209,0.1384,0.9574,46.3,400.2,151827
